{"cameraMode":{"drawMode":0,"name":"Shaded","section":"Shading Mode"},"sceneLighting":true,"audioPlay":false,"sceneViewState":{"m_AlwaysRefresh":false,"showFog":true,"showSkybox":true,"showFlares":true,"showImageEffects":true,"showParticleSystems":true,"showVisualEffectGraphs":true,"m_FxEnabled":true},"in2DMode":false,"pivot":{"x":1.0407276153564454,"y":-1.0588579177856446,"z":-0.21084976196289063},"rotation":{"x":-0.092226542532444,"y":0.9020131230354309,"z":-0.23977094888687135,"w":-0.3469541668891907},"size":13.851151466369629,"orthographic":false}