{"cameraMode":{"drawMode":0,"name":"Shaded","section":"Shading Mode"},"sceneLighting":true,"audioPlay":false,"sceneViewState":{"m_AlwaysRefresh":false,"showFog":true,"showSkybox":true,"showFlares":true,"showImageEffects":true,"showParticleSystems":true,"showVisualEffectGraphs":true,"m_FxEnabled":true},"in2DMode":false,"pivot":{"x":0.25694751739501955,"y":-1.0963001251220704,"z":0.5937948226928711},"rotation":{"x":-0.1034998744726181,"y":0.8851379156112671,"z":-0.23670727014541627,"w":-0.38702481985092165},"size":6.154863357543945,"orthographic":false}